INSERT INTO uf(sig_uf) VALUES 
('SC');
-- estados relevantes

INSERT INTO cidade(nome_cid, cod_uf) VALUES
('Guaraciaba', 1),
('Princesa', 1);
-- cidades

INSERT INTO endereco(cod_cid, rua_end, numero_end) VALUES 
(1, 'Rua Duque de Caxias', 56),
(2, 'Rua Presidente Vargas', 13),
(1, 'Rua Tiradentes', 666),
(2, 'Avenida Faria Lima', 23),
(1, 'Rua 32 de Maio', 28);

INSERT INTO modalidade (nome_mod, valor_mod, tam_mod, horario_inicio_mod, horario_fim_mod) VALUES 
('Pilates', 120.00, 10, '08:00', '09:00'),
('Musculação', 80.00, 0, '06:00', '22:00'),
('Crossfit', 150.00, 15, '18:00', '19:00');

INSERT INTO academia(cnpj_acad, nome_acad, tel_acad, email_acad, cod_end) VALUES 
('12345678000199', 'Academia Bacana', '49999999999', 'academia@yahoo.com', 1);

INSERT INTO instrutor(cpf_ins, nome_ins, tel_ins, sexo_ins, cnpj_acad, cod_end) VALUES
('90000000001','Carlos Pereira','49991000001','M','12345678000199',1),
('90000000002','Mariana Lopes','49991000002','F','12345678000199',2),
('90000000003','Rafael Souza','49991000003','M','12345678000199',3);

INSERT INTO supervisao(cod_mod, cpf_ins) VALUES
(1,'90000000001'),
(2,'90000000002'),
(3,'90000000003');

INSERT INTO cliente(cpf_cli, nome_cli, tel_cli, sexo_cli, cnpj_acad, cod_end) VALUES
('11111111111','Lucas Silva','49990000001','M','12345678000199',1),
('11111111112','Maria Souza','49990000002','F','12345678000199',2),
('11111111113','João Lima','49990000003','M','12345678000199',3),
('11111111114','Ana Costa','49990000004','F','12345678000199',4),
('11111111115','Pedro Alves','49990000005','M','12345678000199',5),

('11111111116','Bruno Rocha','49990000006','M','12345678000199',1),
('11111111117','Carla Mendes','49990000007','F','12345678000199',2),
('11111111118','Rafael Dias','49990000008','M','12345678000199',3),
('11111111119','Juliana Nunes','49990000009','F','12345678000199',4),
('11111111120','Thiago Martins','49990000010','M','12345678000199',5),

('11111111121','Fernanda Lima','49990000011','F','12345678000199',1),
('11111111122','Gabriel Torres','49990000012','M','12345678000199',2),
('11111111123','Patrícia Gomes','49990000013','F','12345678000199',3),
('11111111124','Diego Ribeiro','49990000014','M','12345678000199',4),
('11111111125','Camila Ferreira','49990000015','F','12345678000199',5);

INSERT INTO plano(tipo_pla, data_inicio_pla, status_pla, valor_pla, cpf_cli) VALUES
('M','2026-01-01','A',79.90,'11111111111'),
('T','2026-01-01','A',149.90,'11111111112'),
('S','2026-01-01','I',199.90,'11111111113'),
('M','2026-01-01','T',79.90,'11111111114'),
('T','2026-01-01','A',149.90,'11111111115'),

('M','2026-01-01','A',79.90,'11111111116'),
('S','2026-01-01','I',199.90,'11111111117'),
('T','2026-01-01','A',149.90,'11111111118'),
('M','2026-01-01','T',79.90,'11111111119'),
('S','2026-01-01','A',199.90,'11111111120');

INSERT INTO pagamento(metodo_pag, valor, status_pag, cpf_cli, cnpj_acad) VALUES
('C',79.90,'Q','11111111111','12345678000199'),
('D',149.90,'Q','11111111112','12345678000199'),
('B',199.90,'P','11111111113','12345678000199'),
('C',79.90,'P','11111111114','12345678000199'),
('D',149.90,'Q','11111111115','12345678000199'),

('C',79.90,'Q','11111111116','12345678000199'),
('B',199.90,'P','11111111117','12345678000199'),
('D',149.90,'Q','11111111118','12345678000199'),
('C',79.90,'P','11111111119','12345678000199'),
('B',199.90,'Q','11111111120','12345678000199');

INSERT INTO frequencia(cpf_cli) VALUES
('11111111111'),('11111111111'),('11111111111'),
('11111111112'),('11111111112'),
('11111111112'),('11111111112'),

('11111111115'),('11111111115'),('11111111115'),
('11111111116'),('11111111116'),
('11111111118'),('11111111118'),('11111111118'),('11111111118'),

('11111111120'),('11111111120');

INSERT INTO avaliacao_fisica(massa, altura, cpf_cli) VALUES
(80.5,1.78,'11111111111'),
(62.3,1.65,'11111111112'),
(90.0,1.82,'11111111113'),
(70.2,1.70,'11111111114'),
(85.1,1.75,'11111111115');

INSERT INTO matricula(cod_mod, cod_pla) VALUES
(1,1),
(1,2),
(1,5),
(1,6),
(1,7),

(2,3),
(2,7),
(2,8),

(3,4),
(3,9),
(3,10);
INSERT INTO matricula(cod_mod, cod_pla) VALUES
(1,1),
(1,2),
(1,5),
(1,6),

(2,3),
(2,7),
(2,8),

(3,4),
(3,9),
(3,10);
--muito dificil relacionar por indices numericos
